[{
  "_id": {
    "$oid": "60c1daafc3b6b20015d10bfb"
  }
},{
  "_id": {
    "$oid": "60c52c87d39f1800152191fb"
  },
  "Name": "kk",
  "Phone": "00000",
  "ProductsInOrder": [
    null
  ]
},{
  "_id": {
    "$oid": "60c52c8cd39f1800152191fc"
  },
  "Name": "kk",
  "Phone": "00000",
  "ProductsInOrder": [
    null
  ]
},{
  "_id": {
    "$oid": "60c52dbcd39f1800152191fd"
  },
  "Name": "yuui",
  "Phone": "0000",
  "ProductsInOrder": [
    null
  ]
},{
  "_id": {
    "$oid": "60c5300bd39f1800152191fe"
  },
  "Name": "lll",
  "Phone": "000",
  "ProductsInOrder": [
    null
  ]
},{
  "_id": {
    "$oid": "60c53e69d39f1800152191ff"
  },
  "Name": "hh",
  "Phone": "66",
  "ProductsInOrder": [
    null
  ]
},{
  "_id": {
    "$oid": "60c53f94d39f180015219200"
  },
  "Name": "hhyyyy",
  "Phone": "66",
  "ProductsInOrder": [
    null
  ]
},{
  "_id": {
    "$oid": "60c540d6d39f180015219201"
  },
  "Name": "ppp",
  "Phone": "0000",
  "ProductsInOrder": [
    null
  ]
},{
  "_id": {
    "$oid": "60c54a04e88a1b00157da2f6"
  },
  "Name": "nnn",
  "Phone": "999",
  "ProductsInOrder": [
    null
  ]
}]