{
	"info": {
		"_postman_id": "564aba36-2e1f-4f7b-8163-1047571786c0",
		"name": "CW2 Collection",
		"schema": "https://schema.getpostman.com/json/collection/v2.1.0/collection.json"
	},
	"item": [
		{
			"name": "Post lesson",
			"request": {
				"method": "POST",
				"header": [],
				"body": {
					"mode": "raw",
					"raw": "  { \"id\": 1000,\r\n        \"title\": \"best CLASS\",\r\n        \"description\": \" All work no play, makes jack a mumu boy.\",\r\n        \"location\": \"Alianz studio\",\r\n        \"price\": 23.99,\r\n        \"availableInventory\": 1\r\n    }",
					"options": {
						"raw": {
							"language": "json"
						}
					}
				},
				"url": {
					"raw": "https://salehsnode.herokuapp.com/collection/lessonInfo?=",
					"protocol": "https",
					"host": [
						"salehsnode",
						"herokuapp",
						"com"
					],
					"path": [
						"collection",
						"lessonInfo"
					],
					"query": [
						{
							"key": "",
							"value": ""
						}
					]
				}
			},
			"response": []
		},
		{
			"name": "Put",
			"request": {
				"method": "PUT",
				"header": [],
				"body": {
					"mode": "raw",
					"raw": "{\r\n    \"price\":33\r\n}\r\n\r\n",
					"options": {
						"raw": {
							"language": "json"
						}
					}
				},
				"url": {
					"raw": "https://salehsnode.herokuapp.com/collection/lessonInfo/60c5b86d7a2e1000152efc40",
					"protocol": "https",
					"host": [
						"salehsnode",
						"herokuapp",
						"com"
					],
					"path": [
						"collection",
						"lessonInfo",
						"60c5b86d7a2e1000152efc40"
					]
				}
			},
			"response": []
		},
		{
			"name": "Get lesson",
			"request": {
				"method": "GET",
				"header": [],
				"url": {
					"raw": "https://salehsnode.herokuapp.com/collection/lessonInfo/60c5b86d7a2e1000152efc40",
					"protocol": "https",
					"host": [
						"salehsnode",
						"herokuapp",
						"com"
					],
					"path": [
						"collection",
						"lessonInfo",
						"60c5b86d7a2e1000152efc40"
					]
				}
			},
			"response": []
		},
		{
			"name": "Delete request",
			"request": {
				"method": "DELETE",
				"header": [],
				"url": {
					"raw": "https://salehsnode.herokuapp.com/collection/lessonInfo/60c5b86d7a2e1000152efc40",
					"protocol": "https",
					"host": [
						"salehsnode",
						"herokuapp",
						"com"
					],
					"path": [
						"collection",
						"lessonInfo",
						"60c5b86d7a2e1000152efc40"
					]
				}
			},
			"response": []
		}
	]
}